{"cameraMode":{"drawMode":0,"name":"Shaded","section":"Shading Mode"},"sceneLighting":false,"audioPlay":false,"sceneViewState":{"m_AlwaysRefresh":false,"showFog":true,"showSkybox":false,"showFlares":true,"showImageEffects":true,"showParticleSystems":true,"showVisualEffectGraphs":true,"m_FxEnabled":true},"in2DMode":false,"pivot":{"x":0.09172892570495606,"y":1.506575107574463,"z":0.46489274501800539},"rotation":{"x":0.0033173535484820606,"y":0.7242823243141174,"z":-0.0034826123155653478,"w":0.6894999146461487},"size":1.536276936531067,"orthographic":false}